﻿<?xml version="1.0" encoding="utf-8"?>
<ConsultarNfseEnvio xmlns="http://www.abrasf.org.br/ABRASF/arquivos/nfse.xsd">
  <Prestador>
    <Cnpj>04642554000143</Cnpj>
    <InscricaoMunicipal>1570790</InscricaoMunicipal>
  </Prestador>
  <PeriodoEmissao>
    <DataInicial>2009-12-01</DataInicial>
    <DataFinal>2009-12-31</DataFinal>
  </PeriodoEmissao>
  <Tomador>
    <Cnpj>99999999000191</Cnpj>
  </Tomador>
  <IntermediarioServico>
    <Cpf>06783956911</Cpf>
  </IntermediarioServico>
  <IdentificacaoRps>
    <Numero>00014</Numero>
  </IdentificacaoRps>
</ConsultarNfseEnvio>