﻿<?xml version="1.0" encoding="utf-8"?>
<EnviarLoteRpsSincronoEnvio xmlns="http://www.abrasf.org.br/nfse.xsd">
  <LoteRps Id="LOTE45454" versao="2.04">
    <NumeroLote>45454</NumeroLote>
    <Prestador>
      <CpfCnpj>
        <Cpf>32934636810</Cpf>
        <!--Cnpj></Cnpj-->
      </CpfCnpj>
    </Prestador>
    <QuantidadeRps>2</QuantidadeRps>
    <ListaRps>
      <Rps>
        <InfDeclaracaoPrestacaoServico Id="ID999999990001911733160024200900000000001">
          <Rps Id="RPS343443">
            <IdentificacaoRps>
              <Numero>343443</Numero>
              <Serie>A123</Serie>
              <Tipo>1</Tipo>
            </IdentificacaoRps>
            <!--Opcional-->
            <DataEmissao>2017-11-07</DataEmissao>
            <Status>2</Status>
            <RpsSubstituido>
              <Numero>343443</Numero>
              <Serie>A123</Serie>
              <Tipo>1</Tipo>
            </RpsSubstituido>
            <!--Opcional-->
          </Rps>
          <!--Opcional-->
          <Competencia>2017-11-07</Competencia>
          <Servico>
            <Valores>
              <ValorServicos>121.12</ValorServicos>
              <ValorDeducoes>12.22</ValorDeducoes>
              <!--Opcional-->
              <ValorPis>1.20</ValorPis>
              <!--Opcional-->
              <ValorCofins>1.20</ValorCofins>
              <!--Opcional-->
              <ValorInss>1.20</ValorInss>
              <!--Opcional-->
              <ValorIr>1.20</ValorIr>
              <!--Opcional-->
              <ValorCsll>1.20</ValorCsll>
              <!--Opcional-->
              <OutrasRetencoes>0.00</OutrasRetencoes>
              <!--Opcional-->
              <ValTotTributos>0.00</ValTotTributos>
              <!--Opcional-->
              <ValorIss>0.00</ValorIss>
              <!--Opcional-->
              <Aliquota>10.00</Aliquota>
              <!--Opcional-->
              <DescontoIncondicionado>0.00</DescontoIncondicionado>
              <!--Opcional-->
              <DescontoCondicionado>0.00</DescontoCondicionado>
              <!--Opcional-->
            </Valores>
            <IssRetido>1</IssRetido>
            <ResponsavelRetencao>1</ResponsavelRetencao>
            <!--Opcional-->
            <ItemListaServico>01.01</ItemListaServico>
            <CodigoCnae>123</CodigoCnae>
            <!--Opcional-->
            <CodigoTributacaoMunicipio>54512145</CodigoTributacaoMunicipio>
            <!--Opcional-->
            <CodigoNbs>545454</CodigoNbs>
            <!--Opcional-->
            <Discriminacao>TTESTE DE DISCRIMINACAO</Discriminacao>
            <CodigoMunicipio>456</CodigoMunicipio>
            <CodigoPais>1058</CodigoPais>
            <!--Opcional-->
            <ExigibilidadeISS>6</ExigibilidadeISS>
            <IdentifNaoExigibilidade>ABC</IdentifNaoExigibilidade>
            <!--Opcional-->
            <MunicipioIncidencia>456</MunicipioIncidencia>
            <!--Opcional-->
            <NumeroProcesso>457487854</NumeroProcesso>
            <!--Opcional-->
          </Servico>
          <Prestador>
            <CpfCnpj>
              <Cpf>32934636810</Cpf>
              <!--Cnpj></Cnpj-->
            </CpfCnpj>
            <InscricaoMunicipal>123456</InscricaoMunicipal>
            <!--Opcional-->
          </Prestador>
          <TomadorServico>
            <IdentificacaoTomador>
              <CpfCnpj>
                <Cpf>32934636810</Cpf>
                <!--Cnpj></Cnpj-->
              </CpfCnpj>
              <InscricaoMunicipal>123456</InscricaoMunicipal>
              <!--Opcional-->
            </IdentificacaoTomador>
            <!--Opcional-->
            <NifTomador>A5454</NifTomador>
            <!--Opcional-->
            <RazaoSocial>SMARAPD INFORMATICA LTDA</RazaoSocial>
            <Endereco>
              <Endereco>RUA AURORA</Endereco>
              <Numero>446</Numero>
              <Complemento>AP 1</Complemento>
              <!--Opcional-->
              <Bairro>VILA TIBERIO</Bairro>
              <CodigoMunicipio>441</CodigoMunicipio>
              <Uf>SP</Uf>
              <Cep>14030530</Cep>
            </Endereco>
            <!--Opcional-->
            <!--EnderecoExterior>
							<CodigoPais>55</CodigoPais>
							<EnderecoCompletoExterior>STREET 5 NOVA YORK</EnderecoCompletoExterior>
						</EnderecoExterior-->
            <!--Opcional-->
            <Contato>
              <Telefone>17981707756</Telefone>
              <Email>ALANFRNK@GMAIL.COM</Email>
              <!--Opcional-->
              <!--Email>ALANFRNK@GMAIL.COM</Email-->
            </Contato>
            <!--Opcional-->
          </TomadorServico>
          <!--Opcional-->
          <Intermediario>
            <IdentificacaoIntermediario>
              <CpfCnpj>
                <Cpf>32934636810</Cpf>
                <!--Cnpj></Cnpj-->
              </CpfCnpj>
              <InscricaoMunicipal>123456</InscricaoMunicipal>
              <!--Opcional-->
            </IdentificacaoIntermediario>
            <RazaoSocial>SOUZA VIANA LTDA</RazaoSocial>
            <CodigoMunicipio>441</CodigoMunicipio>
          </Intermediario>
          <!--Opcional-->
          <ConstrucaoCivil>
            <CodigoObra>AGG6676</CodigoObra>
            <Art>7676767</Art>
            <!--Opcional-->
            <!--Art>54867456</Art-->
          </ConstrucaoCivil>
          <!--Opcional-->
          <RegimeEspecialTributacao>3</RegimeEspecialTributacao>
          <!--Opcional-->
          <OptanteSimplesNacional>1</OptanteSimplesNacional>
          <IncentivoFiscal>1</IncentivoFiscal>
          <Evento>
            <IdentificacaoEvento>IDENTEVENTO</IdentificacaoEvento>
            <DescricaoEvento>DESCRICAO EVENTO</DescricaoEvento>
            <!--Opcional-->
            <!--DescricaoEvento>DESCRICAO EVENTO</DescricaoEvento-->
          </Evento>
          <!--Opcional-->
          <InformacoesComplementares>INFORMACAO EXTRA BLA BLA BLA</InformacoesComplementares>
          <!--Opcional-->
          <Deducao>
            <TipoDeducao>3</TipoDeducao>
            <DescricaoDeducao>DEDUCAO DE TESTE</DescricaoDeducao>
            <!--Opcional-->
            <IdentificacaoDocumentoDeducao>
              <IdentificacaoNfse>
                <CodigoMunicipioGerador>456</CodigoMunicipioGerador>
                <NumeroNfse>123457784</NumeroNfse>
                <CodigoVerificacao>AHGH84378</CodigoVerificacao>
                <!--Opcional-->
              </IdentificacaoNfse>
              <!--IdentificacaoNfe>
								<NumeroNfe>5454541</NumeroNfe>
								<UfNfe>SP</UfNfe>
								<ChaveAcessoNfe>574854</ChaveAcessoNfe>
							</IdentificacaoNfe-->
              <!--OutroDocumento>
								<IdentificacaoDocumento>ABC53452</IdentificacaoDocumento>
							</OutroDocumento-->
            </IdentificacaoDocumentoDeducao>
            <DadosFornecedor>
              <IdentificacaoFornecedor>
                <CpfCnpj>
                  <Cpf>32934636810</Cpf>
                  <!--Cnpj></Cnpj-->
                </CpfCnpj>
              </IdentificacaoFornecedor>
              <!--FornecedorExterior>
								<NifFornecedor>ABR7373</NifFornecedor>
								<CodigoPais>55</CodigoPais>
							</FornecedorExterior-->
            </DadosFornecedor>
            <DataEmissao>2017-11-07</DataEmissao>
            <ValorDedutivel>20.00</ValorDedutivel>
            <ValorUtilizadoDeducao>10.00</ValorUtilizadoDeducao>
          </Deducao>
          <!--Opcional-->
        </InfDeclaracaoPrestacaoServico>
      </Rps>
      <Rps>
        <InfDeclaracaoPrestacaoServico Id="ID999999990001911733160024200900000000002">
          <Rps Id="RPS3434432222">
            <IdentificacaoRps>
              <Numero>3434432222</Numero>
              <Serie>A123</Serie>
              <Tipo>1</Tipo>
            </IdentificacaoRps>
            <!--Opcional-->
            <DataEmissao>2017-11-07</DataEmissao>
            <Status>2</Status>
            <RpsSubstituido>
              <Numero>343443</Numero>
              <Serie>A123</Serie>
              <Tipo>1</Tipo>
            </RpsSubstituido>
            <!--Opcional-->
          </Rps>
          <!--Opcional-->
          <Competencia>2017-11-07</Competencia>
          <Servico>
            <Valores>
              <ValorServicos>121.12</ValorServicos>
              <ValorDeducoes>12.22</ValorDeducoes>
              <!--Opcional-->
              <ValorPis>1.20</ValorPis>
              <!--Opcional-->
              <ValorCofins>1.20</ValorCofins>
              <!--Opcional-->
              <ValorInss>1.20</ValorInss>
              <!--Opcional-->
              <ValorIr>1.20</ValorIr>
              <!--Opcional-->
              <ValorCsll>1.20</ValorCsll>
              <!--Opcional-->
              <OutrasRetencoes>0.00</OutrasRetencoes>
              <!--Opcional-->
              <ValTotTributos>0.00</ValTotTributos>
              <!--Opcional-->
              <ValorIss>0.00</ValorIss>
              <!--Opcional-->
              <Aliquota>10.00</Aliquota>
              <!--Opcional-->
              <DescontoIncondicionado>0.00</DescontoIncondicionado>
              <!--Opcional-->
              <DescontoCondicionado>0.00</DescontoCondicionado>
              <!--Opcional-->
            </Valores>
            <IssRetido>1</IssRetido>
            <ResponsavelRetencao>1</ResponsavelRetencao>
            <!--Opcional-->
            <ItemListaServico>01.01</ItemListaServico>
            <CodigoCnae>123</CodigoCnae>
            <!--Opcional-->
            <CodigoTributacaoMunicipio>54512145</CodigoTributacaoMunicipio>
            <!--Opcional-->
            <CodigoNbs>545454</CodigoNbs>
            <!--Opcional-->
            <Discriminacao>TTESTE DE DISCRIMINACAO</Discriminacao>
            <CodigoMunicipio>456</CodigoMunicipio>
            <CodigoPais>1058</CodigoPais>
            <!--Opcional-->
            <ExigibilidadeISS>6</ExigibilidadeISS>
            <IdentifNaoExigibilidade>ABC</IdentifNaoExigibilidade>
            <!--Opcional-->
            <MunicipioIncidencia>456</MunicipioIncidencia>
            <!--Opcional-->
            <NumeroProcesso>457487854</NumeroProcesso>
            <!--Opcional-->
          </Servico>
          <Prestador>
            <CpfCnpj>
              <Cpf>32934636810</Cpf>
              <!--Cnpj></Cnpj-->
            </CpfCnpj>
            <InscricaoMunicipal>123456</InscricaoMunicipal>
            <!--Opcional-->
          </Prestador>
          <TomadorServico>
            <IdentificacaoTomador>
              <CpfCnpj>
                <Cpf>32934636810</Cpf>
                <!--Cnpj></Cnpj-->
              </CpfCnpj>
              <InscricaoMunicipal>123456</InscricaoMunicipal>
              <!--Opcional-->
            </IdentificacaoTomador>
            <!--Opcional-->
            <NifTomador>A5454</NifTomador>
            <!--Opcional-->
            <RazaoSocial>SMARAPD INFORMATICA LTDA</RazaoSocial>
            <Endereco>
              <Endereco>RUA AURORA</Endereco>
              <Numero>446</Numero>
              <Complemento>AP 1</Complemento>
              <!--Opcional-->
              <Bairro>VILA TIBERIO</Bairro>
              <CodigoMunicipio>441</CodigoMunicipio>
              <Uf>SP</Uf>
              <Cep>14030530</Cep>
            </Endereco>
            <!--Opcional-->
            <!--EnderecoExterior>
							<CodigoPais>55</CodigoPais>
							<EnderecoCompletoExterior>STREET 5 NOVA YORK</EnderecoCompletoExterior>
						</EnderecoExterior-->
            <!--Opcional-->
            <Contato>
              <Telefone>17981707756</Telefone>
              <Email>ALANFRNK@GMAIL.COM</Email>
              <!--Opcional-->
              <!--Email>ALANFRNK@GMAIL.COM</Email-->
            </Contato>
            <!--Opcional-->
          </TomadorServico>
          <!--Opcional-->
          <Intermediario>
            <IdentificacaoIntermediario>
              <CpfCnpj>
                <Cpf>32934636810</Cpf>
                <!--Cnpj></Cnpj-->
              </CpfCnpj>
              <InscricaoMunicipal>123456</InscricaoMunicipal>
              <!--Opcional-->
            </IdentificacaoIntermediario>
            <RazaoSocial>SOUZA VIANA LTDA</RazaoSocial>
            <CodigoMunicipio>441</CodigoMunicipio>
          </Intermediario>
          <!--Opcional-->
          <ConstrucaoCivil>
            <CodigoObra>AGG6676</CodigoObra>
            <Art>7676767</Art>
            <!--Opcional-->
            <!--Art>54867456</Art-->
          </ConstrucaoCivil>
          <!--Opcional-->
          <RegimeEspecialTributacao>3</RegimeEspecialTributacao>
          <!--Opcional-->
          <OptanteSimplesNacional>1</OptanteSimplesNacional>
          <IncentivoFiscal>1</IncentivoFiscal>
          <Evento>
            <IdentificacaoEvento>IDENTEVENTO</IdentificacaoEvento>
            <DescricaoEvento>DESCRICAO EVENTO</DescricaoEvento>
            <!--Opcional-->
            <!--DescricaoEvento>DESCRICAO EVENTO</DescricaoEvento-->
          </Evento>
          <!--Opcional-->
          <InformacoesComplementares>INFORMACAO EXTRA BLA BLA BLA</InformacoesComplementares>
          <!--Opcional-->
          <Deducao>
            <TipoDeducao>3</TipoDeducao>
            <DescricaoDeducao>DEDUCAO DE TESTE</DescricaoDeducao>
            <!--Opcional-->
            <IdentificacaoDocumentoDeducao>
              <IdentificacaoNfse>
                <CodigoMunicipioGerador>456</CodigoMunicipioGerador>
                <NumeroNfse>123457784</NumeroNfse>
                <CodigoVerificacao>AHGH84378</CodigoVerificacao>
                <!--Opcional-->
              </IdentificacaoNfse>
              <!--IdentificacaoNfe>
								<NumeroNfe>5454541</NumeroNfe>
								<UfNfe>SP</UfNfe>
								<ChaveAcessoNfe>574854</ChaveAcessoNfe>
							</IdentificacaoNfe-->
              <!--OutroDocumento>
								<IdentificacaoDocumento>ABC53452</IdentificacaoDocumento>
							</OutroDocumento-->
            </IdentificacaoDocumentoDeducao>
            <DadosFornecedor>
              <IdentificacaoFornecedor>
                <CpfCnpj>
                  <Cpf>32934636810</Cpf>
                  <!--Cnpj></Cnpj-->
                </CpfCnpj>
              </IdentificacaoFornecedor>
              <!--FornecedorExterior>
								<NifFornecedor>ABR7373</NifFornecedor>
								<CodigoPais>55</CodigoPais>
							</FornecedorExterior-->
            </DadosFornecedor>
            <DataEmissao>2017-11-07</DataEmissao>
            <ValorDedutivel>20.00</ValorDedutivel>
            <ValorUtilizadoDeducao>10.00</ValorUtilizadoDeducao>
          </Deducao>
          <!--Opcional-->
        </InfDeclaracaoPrestacaoServico>
      </Rps>
    </ListaRps>
  </LoteRps>
</EnviarLoteRpsSincronoEnvio>