﻿<?xml version="1.0" encoding="utf-8"?>
<NFe xmlns="http://www.portalfiscal.inf.br/nfe">
  <infNFe versao="4.00" Id="NFe41220106117473000150550010000579801945959941">
    <ide>
      <cUF>41</cUF>
      <cNF>94595994</cNF>
      <natOp>VENDA PRODUC.DO ESTABELEC</natOp>
      <mod>55</mod>
      <serie>1</serie>
      <nNF>57980</nNF>
      <dhEmi>2022-01-06T15:08:30-03:00</dhEmi>
      <dhSaiEnt>2022-01-06T15:08:30-03:00</dhSaiEnt>
      <tpNF>1</tpNF>
      <idDest>2</idDest>
      <cMunFG>4118402</cMunFG>
      <tpImp>1</tpImp>
      <tpEmis>1</tpEmis>
      <cDV>1</cDV>
      <tpAmb>2</tpAmb>
      <finNFe>1</finNFe>
      <indFinal>1</indFinal>
      <indPres>1</indPres>
      <procEmi>0</procEmi>
      <verProc>TESTE 1.00</verProc>
    </ide>
    <emit>
      <CNPJ>06117473000150</CNPJ>
      <xNome>UNIMAKE SOLUCOES CORPORATIVAS LTDA</xNome>
      <xFant>UNIMAKE - PARANAVAI</xFant>
      <enderEmit>
        <xLgr>RUA ANTONIO FELIPE</xLgr>
        <nro>1500</nro>
        <xBairro>CENTRO</xBairro>
        <cMun>4118402</cMun>
        <xMun>PARANAVAI</xMun>
        <UF>PR</UF>
        <CEP>87704030</CEP>
        <cPais>1058</cPais>
        <xPais>BRASIL</xPais>
        <fone>04431414900</fone>
      </enderEmit>
      <IE>9032000301</IE>
      <IM>14018</IM>
      <CNAE>6202300</CNAE>
      <CRT>1</CRT>
    </emit>
    <dest>
      <CNPJ>04218457000128</CNPJ>
      <xNome>NF-E EMITIDA EM AMBIENTE DE HOMOLOGACAO - SEM VALOR FISCAL</xNome>
      <enderDest>
        <xLgr>AVENIDA DA SAUDADE</xLgr>
        <nro>1555</nro>
        <xBairro>CAMPOS ELISEOS</xBairro>
        <cMun>3543402</cMun>
        <xMun>RIBEIRAO PRETO</xMun>
        <UF>SP</UF>
        <CEP>14080000</CEP>
        <cPais>1058</cPais>
        <xPais>BRASIL</xPais>
        <fone>01639611500</fone>
      </enderDest>
      <indIEDest>1</indIEDest>
      <IE>582614838110</IE>
      <email>janelaorp@janelaorp.com.br</email>
    </dest>
    <det nItem="1">
      <prod>
        <cProd>01042</cProd>
        <cEAN>SEM GTIN</cEAN>
        <xProd>NF-E EMITIDA EM AMBIENTE DE HOMOLOGACAO - SEM VALOR FISCAL</xProd>
        <NCM>84714900</NCM>
        <CFOP>6101</CFOP>
        <uCom>LU</uCom>
        <qCom>1</qCom>
        <vUnCom>84.9</vUnCom>
        <vProd>84.90</vProd>
        <cEANTrib>SEM GTIN</cEANTrib>
        <uTrib>LU</uTrib>
        <qTrib>1</qTrib>
        <vUnTrib>84.9</vUnTrib>
        <indTot>1</indTot>
        <xPed>300474</xPed>
        <nItemPed>1</nItemPed>
      </prod>
      <imposto>
        <vTotTrib>12.63</vTotTrib>
        <ICMS>
          <ICMSSN101>
            <orig>0</orig>
            <CSOSN>101</CSOSN>
            <pCredSN>2.8255</pCredSN>
            <vCredICMSSN>2.40</vCredICMSSN>
          </ICMSSN101>
        </ICMS>
        <PIS>
          <PISOutr>
            <CST>99</CST>
            <vBC>0.00</vBC>
            <pPIS>0.0000</pPIS>
            <vPIS>0.00</vPIS>
          </PISOutr>
        </PIS>
        <COFINS>
          <COFINSOutr>
            <CST>99</CST>
            <vBC>0.00</vBC>
            <pCOFINS>0.0000</pCOFINS>
            <vCOFINS>0.00</vCOFINS>
          </COFINSOutr>
        </COFINS>
      </imposto>
    </det>
    <total>
      <ICMSTot>
        <vBC>0.00</vBC>
        <vICMS>0.00</vICMS>
        <vICMSDeson>0.00</vICMSDeson>
        <vFCP>0.00</vFCP>
        <vBCST>0.00</vBCST>
        <vST>0.00</vST>
        <vFCPST>0.00</vFCPST>
        <vFCPSTRet>0.00</vFCPSTRet>
        <vProd>169.80</vProd>
        <vFrete>0.00</vFrete>
        <vSeg>0.00</vSeg>
        <vDesc>0.00</vDesc>
        <vII>0.00</vII>
        <vIPI>0.00</vIPI>
        <vIPIDevol>0.00</vIPIDevol>
        <vPIS>0.00</vPIS>
        <vCOFINS>0.00</vCOFINS>
        <vOutro>0.00</vOutro>
        <vNF>169.80</vNF>
        <vTotTrib>25.26</vTotTrib>
      </ICMSTot>
    </total>
    <transp>
      <modFrete>0</modFrete>
      <vol>
        <qVol>1</qVol>
        <esp>LU</esp>
        <marca>UNIMAKE</marca>
      </vol>
    </transp>
    <cobr>
      <fat>
        <nFat>057910</nFat>
        <vOrig>169.80</vOrig>
        <vDesc>0.00</vDesc>
        <vLiq>169.80</vLiq>
      </fat>
      <dup>
        <nDup>001</nDup>
        <dVenc>2022-01-06</dVenc>
        <vDup>169.80</vDup>
      </dup>
    </cobr>
    <pag>
      <detPag>
        <indPag>0</indPag>
        <tPag>01</tPag>
        <vPag>169.80</vPag>
      </detPag>
    </pag>
    <infAdic>
      <infCpl>;CONTROLE: 0000241197;PEDIDO(S) ATENDIDO(S): 300474;Empresa optante pelo simples nacional, conforme lei compl. 128 de 19/12/2008;Permite o aproveitamento do credito de ICMS no valor de R$ 2,40, correspondente ao percentual de 2,83% . Nos termos do Art. 23 - LC 123/2006 (Resolucoes CGSN n. 10/2007 e 53/2008);Voce pagou aproximadamente: R$ 6,69 trib. federais / R$ 5,94 trib. estaduais / R$ 0,00 trib. municipais. Fonte: IBPT/empresometro.com.br 18.2.B A3S28F;</infCpl>
    </infAdic>
    <infRespTec>
      <CNPJ>06117473000150</CNPJ>
      <xContato>Wandrey Mundin Ferreira</xContato>
      <email>wandrey@unimake.com.br</email>
      <fone>04431414900</fone>
    </infRespTec>
  </infNFe>
</NFe>